[
    {
      "id": 1,
      "title": "TP1",
      "assigned_by": "Dr. Valy Dona",
      "desc": "It is a long established fact that a reader will be distracted by the readable content of a page when looking at its layout.",
      "deadline": "14-April-24",
      "score": 100
    },
    {
      "id": 2,
      "title": "TP2",
      "assigned_by": "Dr. Sok Kimheng",
      "desc": "It is a long established fact that a reader will be distracted by the readable content of a page when looking at its layout.",
      "deadline": "14-March-24",
      "score": 100
    },
    {
      "id":3,
      "title": "TP3",
      "assigned_by": "Ms. Rose",
      "desc": "It is a long established fact that a reader will be distracted by the readable content of a page when looking at its layout.",
      "deadline": "14-Sep-24",
      "score": 100
    },
    {
      "id": 4,
      "title": "TP4",
      "assigned_by": "Mr. Peter Parker",
      "desc": "It is a long established fact that a reader will be distracted by the readable content of a page when looking at its layout.",
      "deadline": "14-June-24",
      "score": 100
    },
    {
      "id": 5,
      "title": "TP5",
      "assigned_by": "Mr. Bob",
      "desc": "It is a long established fact that a reader will be distracted by the readable content of a page when looking at its layout.",
      "deadline": "14-Jan-24",
      "score": 100
    },
    {
      "id": 6,
      "title": "TP6",
      "assigned_by": "Ms. Alice",
      "desc": "It is a long established fact that a reader will be distracted by the readable content of a page when looking at its layout.",
      "deadline": "14-Aug-24",
      "score": 100
    }
  ]
  