[{"id":1,"first_name":"Adam","last_name":"Kornyakov","gender":"Male","year":1,"group":"3XL"},
{"id":2,"first_name":"Anya","last_name":"Tuffrey","gender":"Female","year":4,"group":"XL"},
{"id":3,"first_name":"Jasen","last_name":"Forsdicke","gender":"Male","year":5,"group":"XL"},
{"id":4,"first_name":"Hardy","last_name":"Peyzer","gender":"Male","year":1,"group":"XL"},
{"id":5,"first_name":"Jon","last_name":"Guerriero","gender":"Male","year":3,"group":"M"},
{"id":6,"first_name":"Tobie","last_name":"Gendrich","gender":"Male","year":2,"group":"M"},
{"id":7,"first_name":"Roxine","last_name":"Nulty","gender":"Female","year":2,"group":"XS"},
{"id":8,"first_name":"Killie","last_name":"Zipsell","gender":"Male","year":4,"group":"XL"},
{"id":9,"first_name":"Tarrance","last_name":"Riccioppo","gender":"Male","year":3,"group":"L"},
{"id":10,"first_name":"Marcellus","last_name":"Wrightam","gender":"Male","year":2,"group":"3XL"},
{"id":11,"first_name":"Leslie","last_name":"Elsip","gender":"Male","year":3,"group":"S"},
{"id":12,"first_name":"Ainslie","last_name":"Deal","gender":"Female","year":3,"group":"2XL"},
{"id":13,"first_name":"Dawn","last_name":"Hulk","gender":"Female","year":3,"group":"XL"},
{"id":14,"first_name":"Philippe","last_name":"Perren","gender":"Female","year":2,"group":"XS"},
{"id":15,"first_name":"Della","last_name":"Sizzey","gender":"Female","year":2,"group":"XS"},
{"id":16,"first_name":"Cissy","last_name":"Ealam","gender":"Female","year":5,"group":"XL"},
{"id":17,"first_name":"Raven","last_name":"King","gender":"Female","year":1,"group":"M"},
{"id":18,"first_name":"Farly","last_name":"Stainton","gender":"Male","year":5,"group":"XS"},
{"id":19,"first_name":"Almeria","last_name":"Grene","gender":"Female","year":1,"group":"L"},
{"id":20,"first_name":"Kristofor","last_name":"Damiral","gender":"Male","year":2,"group":"M"},
{"id":21,"first_name":"Magdalena","last_name":"Bonick","gender":"Female","year":2,"group":"2XL"},
{"id":22,"first_name":"Kin","last_name":"Durden","gender":"Male","year":3,"group":"S"},
{"id":23,"first_name":"Waiter","last_name":"Champain","gender":"Male","year":5,"group":"S"},
{"id":24,"first_name":"Thatcher","last_name":"Vardey","gender":"Male","year":4,"group":"2XL"},
{"id":25,"first_name":"Theodor","last_name":"Sidwick","gender":"Male","year":5,"group":"2XL"},
{"id":26,"first_name":"Agace","last_name":"Gipp","gender":"Female","year":1,"group":"XL"},
{"id":27,"first_name":"Loren","last_name":"Itzkov","gender":"Female","year":1,"group":"XS"},
{"id":28,"first_name":"Reuven","last_name":"Piwall","gender":"Male","year":3,"group":"M"},
{"id":29,"first_name":"Derrek","last_name":"Craigg","gender":"Male","year":2,"group":"S"},
{"id":30,"first_name":"Leontine","last_name":"Dadswell","gender":"Female","year":1,"group":"XS"},
{"id":31,"first_name":"Darwin","last_name":"Flawn","gender":"Male","year":5,"group":"XL"},
{"id":32,"first_name":"Clark","last_name":"Tolchar","gender":"Male","year":4,"group":"M"},
{"id":33,"first_name":"Tandi","last_name":"Wooff","gender":"Female","year":3,"group":"2XL"},
{"id":34,"first_name":"Tristam","last_name":"Van der Brug","gender":"Male","year":3,"group":"XL"},
{"id":35,"first_name":"Lindsay","last_name":"Falck","gender":"Female","year":3,"group":"XL"},
{"id":36,"first_name":"Arabella","last_name":"Sisse","gender":"Female","year":4,"group":"2XL"},
{"id":37,"first_name":"Carolin","last_name":"Sheekey","gender":"Female","year":1,"group":"2XL"},
{"id":38,"first_name":"Normie","last_name":"Alster","gender":"Male","year":2,"group":"S"},
{"id":39,"first_name":"Barry","last_name":"Caddell","gender":"Male","year":1,"group":"L"},
{"id":40,"first_name":"Pepe","last_name":"Covendon","gender":"Male","year":2,"group":"L"},
{"id":41,"first_name":"Tania","last_name":"Da Costa","gender":"Female","year":1,"group":"S"},
{"id":42,"first_name":"Chrissie","last_name":"Amdohr","gender":"Female","year":2,"group":"L"},
{"id":43,"first_name":"Bink","last_name":"Kenewel","gender":"Male","year":3,"group":"XL"},
{"id":44,"first_name":"Sansone","last_name":"Zanetti","gender":"Male","year":3,"group":"M"},
{"id":45,"first_name":"Janessa","last_name":"Kineton","gender":"Female","year":3,"group":"3XL"},
{"id":46,"first_name":"Francene","last_name":"Mableson","gender":"Female","year":1,"group":"2XL"},
{"id":47,"first_name":"Chan","last_name":"Brocklehurst","gender":"Male","year":3,"group":"2XL"},
{"id":48,"first_name":"Pandora","last_name":"Enochsson","gender":"Female","year":4,"group":"2XL"},
{"id":49,"first_name":"Maryjane","last_name":"Fleming","gender":"Female","year":2,"group":"S"},
{"id":50,"first_name":"Eward","last_name":"Mara","gender":"Male","year":3,"group":"L"},
{"id":51,"first_name":"Emmett","last_name":"Layhe","gender":"Male","year":4,"group":"L"},
{"id":52,"first_name":"Ches","last_name":"Gilhespy","gender":"Male","year":3,"group":"XL"},
{"id":53,"first_name":"Fred","last_name":"Lantaff","gender":"Male","year":5,"group":"M"},
{"id":54,"first_name":"Randie","last_name":"Mulheron","gender":"Male","year":5,"group":"XL"},
{"id":55,"first_name":"Brenden","last_name":"Brokenshire","gender":"Male","year":2,"group":"3XL"},
{"id":56,"first_name":"Morley","last_name":"Robelow","gender":"Male","year":4,"group":"S"},
{"id":57,"first_name":"Marinna","last_name":"Lockhurst","gender":"Female","year":4,"group":"3XL"},
{"id":58,"first_name":"Darby","last_name":"Verity","gender":"Female","year":5,"group":"3XL"},
{"id":59,"first_name":"Tomas","last_name":"Wibrow","gender":"Male","year":1,"group":"XL"},
{"id":60,"first_name":"Nealon","last_name":"Blenkinsopp","gender":"Male","year":2,"group":"2XL"},
{"id":61,"first_name":"Carly","last_name":"Primak","gender":"Female","year":1,"group":"2XL"},
{"id":62,"first_name":"Georgie","last_name":"Heathfield","gender":"Male","year":3,"group":"2XL"},
{"id":63,"first_name":"Ade","last_name":"Straw","gender":"Male","year":5,"group":"2XL"},
{"id":64,"first_name":"Daniele","last_name":"Bury","gender":"Female","year":4,"group":"S"},
{"id":65,"first_name":"Emmerich","last_name":"Copland","gender":"Male","year":4,"group":"M"},
{"id":66,"first_name":"Kaspar","last_name":"Jeynes","gender":"Male","year":5,"group":"2XL"},
{"id":67,"first_name":"Robyn","last_name":"Beauchamp","gender":"Female","year":2,"group":"XL"},
{"id":68,"first_name":"Hercule","last_name":"Ullock","gender":"Male","year":5,"group":"M"},
{"id":69,"first_name":"Alfie","last_name":"Winspear","gender":"Male","year":3,"group":"3XL"},
{"id":70,"first_name":"Marje","last_name":"Reford","gender":"Female","year":3,"group":"3XL"},
{"id":71,"first_name":"Allissa","last_name":"Gimson","gender":"Female","year":5,"group":"M"},
{"id":72,"first_name":"Homer","last_name":"De Giorgi","gender":"Male","year":4,"group":"2XL"},
{"id":73,"first_name":"Carver","last_name":"Syvret","gender":"Male","year":4,"group":"S"},
{"id":74,"first_name":"Mitchel","last_name":"Syme","gender":"Male","year":3,"group":"L"},
{"id":75,"first_name":"Hanan","last_name":"Bains","gender":"Male","year":5,"group":"3XL"},
{"id":76,"first_name":"Dannie","last_name":"Reide","gender":"Male","year":5,"group":"XS"},
{"id":77,"first_name":"Christen","last_name":"Barritt","gender":"Female","year":3,"group":"L"},
{"id":78,"first_name":"Emelita","last_name":"Decker","gender":"Female","year":4,"group":"M"},
{"id":79,"first_name":"Honoria","last_name":"Killingsworth","gender":"Female","year":5,"group":"M"},
{"id":80,"first_name":"Gary","last_name":"Ends","gender":"Male","year":3,"group":"XL"},
{"id":81,"first_name":"Freddie","last_name":"Campany","gender":"Male","year":4,"group":"2XL"},
{"id":82,"first_name":"Vince","last_name":"Fathers","gender":"Male","year":1,"group":"XS"},
{"id":83,"first_name":"Pattie","last_name":"Millott","gender":"Female","year":5,"group":"M"},
{"id":84,"first_name":"Beatrisa","last_name":"Walsh","gender":"Female","year":5,"group":"3XL"},
{"id":85,"first_name":"Alia","last_name":"Eilhertsen","gender":"Female","year":2,"group":"L"},
{"id":86,"first_name":"Laurene","last_name":"Gerish","gender":"Female","year":4,"group":"2XL"},
{"id":87,"first_name":"Marina","last_name":"Blune","gender":"Female","year":5,"group":"3XL"},
{"id":88,"first_name":"Mandie","last_name":"Gaynsford","gender":"Female","year":4,"group":"XS"},
{"id":89,"first_name":"Jarib","last_name":"Connechy","gender":"Male","year":4,"group":"XL"},
{"id":90,"first_name":"Billye","last_name":"Brithman","gender":"Female","year":4,"group":"XS"},
{"id":91,"first_name":"Corrie","last_name":"Edrich","gender":"Male","year":2,"group":"3XL"},
{"id":92,"first_name":"Ernesta","last_name":"Bowles","gender":"Female","year":4,"group":"S"},
{"id":93,"first_name":"Shauna","last_name":"Hainsworth","gender":"Female","year":2,"group":"XS"},
{"id":94,"first_name":"Cherry","last_name":"McFeat","gender":"Female","year":2,"group":"L"},
{"id":95,"first_name":"Yvon","last_name":"Waddup","gender":"Male","year":1,"group":"2XL"},
{"id":96,"first_name":"Wilmette","last_name":"Avrasin","gender":"Female","year":5,"group":"S"},
{"id":97,"first_name":"Carolann","last_name":"Catmull","gender":"Female","year":4,"group":"XS"},
{"id":98,"first_name":"Emanuele","last_name":"Walsh","gender":"Male","year":1,"group":"XL"},
{"id":99,"first_name":"Noel","last_name":"Geratasch","gender":"Female","year":4,"group":"2XL"},
{"id":100,"first_name":"Jeremie","last_name":"Basson","gender":"Male","year":4,"group":"S"}]