[
  {
    "id": "1",
    "title": "Basic HTML & CSS",
    "class": "Web Development",
    "created_by": "Mr. Luiz",
    "created_date": "12-April-2023",
    "time_start": "1pm",
    "time_end": "2pm"
  },
  {
    "id": "2",
    "title": "Basic Javascript",
    "class": "Web Development",
    "created_by": "Mr. Max",
    "created_date": "13-April-2023",
    "time_start": "4pm",
    "time_end": "5pm"
  },
  {
    "id": "3",
    "title": "Practice Exercise",
    "class": "Web Development",
    "created_by": "Dr. Maxell",
    "created_date": "14-April-2023",
    "time_start": "7am",
    "time_end": "8am"
  },
  {
    "id": "4",
    "title": "OOP",
    "class": "Web Development",
    "created_by": "Dr. Albert",
    "created_date": "17-April-2023",
    "time_start": "2pm",
    "time_end": "3pm"
  },
  {
    "id": "5",
    "title": "React Js",
    "class": "Web Development",
    "created_by": "Dr. Colt",
    "created_date": "17-April-2023",
    "time_start": "2pm",
    "time_end": "3pm"
  }
]
