[{"id":1,"first_name":"Ivan","last_name":"Easom","email":"ieasom0@netlog.com","gender":"Male"},
{"id":2,"first_name":"Konstantin","last_name":"Drayn","email":"kdrayn1@google.co.jp","gender":"Male"},
{"id":3,"first_name":"Niels","last_name":"Westmore","email":"nwestmore2@oracle.com","gender":"Male"},
{"id":4,"first_name":"Patience","last_name":"Pitchford","email":"ppitchford3@sakura.ne.jp","gender":"Female"},
{"id":5,"first_name":"Jaimie","last_name":"Denisot","email":"jdenisot4@bloglines.com","gender":"Male"},
{"id":6,"first_name":"Cristine","last_name":"Lyness","email":"clyness5@facebook.com","gender":"Female"},
{"id":7,"first_name":"Husain","last_name":"Warret","email":"hwarret6@nih.gov","gender":"Male"},
{"id":8,"first_name":"Lorie","last_name":"Enocksson","email":"lenocksson7@webs.com","gender":"Female"},
{"id":9,"first_name":"Isahella","last_name":"Maffei","email":"imaffei8@slideshare.net","gender":"Female"},
{"id":10,"first_name":"Dolley","last_name":"Reubbens","email":"dreubbens9@hp.com","gender":"Female"},
{"id":11,"first_name":"Egan","last_name":"Badrock","email":"ebadrocka@t.co","gender":"Bigender"},
{"id":12,"first_name":"Eugenio","last_name":"Lesper","email":"elesperb@hibu.com","gender":"Male"},
{"id":13,"first_name":"Tomasina","last_name":"Scade","email":"tscadec@irs.gov","gender":"Female"},
{"id":14,"first_name":"Felecia","last_name":"Furney","email":"ffurneyd@ed.gov","gender":"Female"},
{"id":15,"first_name":"Doll","last_name":"McFater","email":"dmcfatere@instagram.com","gender":"Female"},
{"id":16,"first_name":"Findley","last_name":"Jeaycock","email":"fjeaycockf@technorati.com","gender":"Male"},
{"id":17,"first_name":"Ignace","last_name":"Hassall","email":"ihassallg@ucsd.edu","gender":"Polygender"},
{"id":18,"first_name":"Cesaro","last_name":"Mingardi","email":"cmingardih@house.gov","gender":"Male"},
{"id":19,"first_name":"Kamilah","last_name":"Lazonby","email":"klazonbyi@cbc.ca","gender":"Female"},
{"id":20,"first_name":"Barron","last_name":"Polgreen","email":"bpolgreenj@simplemachines.org","gender":"Male"},
{"id":21,"first_name":"Cybil","last_name":"Surcomb","email":"csurcombk@qq.com","gender":"Female"},
{"id":22,"first_name":"Marshall","last_name":"Baldree","email":"mbaldreel@flickr.com","gender":"Male"},
{"id":23,"first_name":"Alfi","last_name":"Hammill","email":"ahammillm@ucsd.edu","gender":"Female"},
{"id":24,"first_name":"Sybille","last_name":"Swadden","email":"sswaddenn@1und1.de","gender":"Female"},
{"id":25,"first_name":"Sigmund","last_name":"Phizackerly","email":"sphizackerlyo@about.me","gender":"Male"},
{"id":26,"first_name":"Milly","last_name":"Everly","email":"meverlyp@tumblr.com","gender":"Female"},
{"id":27,"first_name":"Florida","last_name":"Carder","email":"fcarderq@gmpg.org","gender":"Female"},
{"id":28,"first_name":"Karlee","last_name":"Goosnell","email":"kgoosnellr@ifeng.com","gender":"Female"},
{"id":29,"first_name":"Rand","last_name":"Torres","email":"rtorress@google.cn","gender":"Male"},
{"id":30,"first_name":"Marcello","last_name":"Warriner","email":"mwarrinert@last.fm","gender":"Non-binary"},
{"id":31,"first_name":"Fara","last_name":"Castaignet","email":"fcastaignetu@surveymonkey.com","gender":"Agender"},
{"id":32,"first_name":"Kayle","last_name":"De Bell","email":"kdebellv@tinypic.com","gender":"Female"},
{"id":33,"first_name":"Gillie","last_name":"Rance","email":"grancew@shutterfly.com","gender":"Female"},
{"id":34,"first_name":"Petey","last_name":"Gubbin","email":"pgubbinx@blinklist.com","gender":"Male"},
{"id":35,"first_name":"Robinia","last_name":"Lafaye","email":"rlafayey@yolasite.com","gender":"Female"},
{"id":36,"first_name":"Farrel","last_name":"Pascho","email":"fpaschoz@rambler.ru","gender":"Male"},
{"id":37,"first_name":"Delphinia","last_name":"Eckh","email":"deckh10@boston.com","gender":"Female"},
{"id":38,"first_name":"Edouard","last_name":"McVie","email":"emcvie11@1und1.de","gender":"Male"},
{"id":39,"first_name":"Haslett","last_name":"Luis","email":"hluis12@live.com","gender":"Male"},
{"id":40,"first_name":"Tiffi","last_name":"Rosenthal","email":"trosenthal13@globo.com","gender":"Female"},
{"id":41,"first_name":"Alexandros","last_name":"Witt","email":"awitt14@eventbrite.com","gender":"Agender"},
{"id":42,"first_name":"Stepha","last_name":"Severs","email":"ssevers15@google.es","gender":"Female"},
{"id":43,"first_name":"Rudy","last_name":"Clymo","email":"rclymo16@chronoengine.com","gender":"Male"},
{"id":44,"first_name":"Pepi","last_name":"Trengrove","email":"ptrengrove17@lycos.com","gender":"Female"},
{"id":45,"first_name":"Ninnette","last_name":"Zamora","email":"nzamora18@myspace.com","gender":"Female"},
{"id":46,"first_name":"Rosalind","last_name":"Court","email":"rcourt19@huffingtonpost.com","gender":"Female"},
{"id":47,"first_name":"Gaylord","last_name":"Cruft","email":"gcruft1a@abc.net.au","gender":"Male"},
{"id":48,"first_name":"Giselle","last_name":"Ricart","email":"gricart1b@is.gd","gender":"Female"},
{"id":49,"first_name":"Robin","last_name":"Aitcheson","email":"raitcheson1c@vistaprint.com","gender":"Male"},
{"id":50,"first_name":"Estell","last_name":"McLane","email":"emclane1d@163.com","gender":"Female"},
{"id":51,"first_name":"Gates","last_name":"Dooland","email":"gdooland1e@wufoo.com","gender":"Female"},
{"id":52,"first_name":"Silvie","last_name":"Whyborne","email":"swhyborne1f@mapy.cz","gender":"Female"},
{"id":53,"first_name":"Lockwood","last_name":"Murrthum","email":"lmurrthum1g@last.fm","gender":"Male"},
{"id":54,"first_name":"Yasmeen","last_name":"Ludewig","email":"yludewig1h@goo.ne.jp","gender":"Female"},
{"id":55,"first_name":"Marjy","last_name":"McConaghy","email":"mmcconaghy1i@arizona.edu","gender":"Female"},
{"id":56,"first_name":"Rae","last_name":"Gammons","email":"rgammons1j@wufoo.com","gender":"Female"},
{"id":57,"first_name":"Germayne","last_name":"Hallums","email":"ghallums1k@mapy.cz","gender":"Male"},
{"id":58,"first_name":"Ferris","last_name":"Milier","email":"fmilier1l@blogspot.com","gender":"Male"},
{"id":59,"first_name":"Felice","last_name":"Donson","email":"fdonson1m@webeden.co.uk","gender":"Male"},
{"id":60,"first_name":"Rachel","last_name":"Sarton","email":"rsarton1n@epa.gov","gender":"Female"},
{"id":61,"first_name":"Bennie","last_name":"Attwood","email":"battwood1o@pbs.org","gender":"Male"},
{"id":62,"first_name":"Valle","last_name":"Insworth","email":"vinsworth1p@themeforest.net","gender":"Male"},
{"id":63,"first_name":"Hyacinthie","last_name":"Crewes","email":"hcrewes1q@comsenz.com","gender":"Female"},
{"id":64,"first_name":"Ram","last_name":"McLewd","email":"rmclewd1r@weebly.com","gender":"Male"},
{"id":65,"first_name":"Barnard","last_name":"Lammers","email":"blammers1s@cbc.ca","gender":"Male"},
{"id":66,"first_name":"Sherman","last_name":"Pybus","email":"spybus1t@spotify.com","gender":"Male"},
{"id":67,"first_name":"Sunny","last_name":"MacGillavery","email":"smacgillavery1u@marriott.com","gender":"Male"},
{"id":68,"first_name":"Shandy","last_name":"Airth","email":"sairth1v@hhs.gov","gender":"Female"},
{"id":69,"first_name":"Cybil","last_name":"Warbey","email":"cwarbey1w@kickstarter.com","gender":"Female"},
{"id":70,"first_name":"Craggy","last_name":"Beyn","email":"cbeyn1x@miitbeian.gov.cn","gender":"Male"},
{"id":71,"first_name":"Alphonso","last_name":"Balk","email":"abalk1y@mashable.com","gender":"Male"},
{"id":72,"first_name":"Stormy","last_name":"Stollberg","email":"sstollberg1z@loc.gov","gender":"Female"},
{"id":73,"first_name":"Brendis","last_name":"Morrel","email":"bmorrel20@google.nl","gender":"Male"},
{"id":74,"first_name":"Timofei","last_name":"MacGahy","email":"tmacgahy21@nbcnews.com","gender":"Male"},
{"id":75,"first_name":"Florian","last_name":"Kinneir","email":"fkinneir22@google.cn","gender":"Male"},
{"id":76,"first_name":"Eugenius","last_name":"Dutch","email":"edutch23@amazon.co.jp","gender":"Male"},
{"id":77,"first_name":"Kalinda","last_name":"Forlong","email":"kforlong24@shop-pro.jp","gender":"Female"},
{"id":78,"first_name":"Jodi","last_name":"Vango","email":"jvango25@abc.net.au","gender":"Female"},
{"id":79,"first_name":"Irving","last_name":"O' Bee","email":"iobee26@ftc.gov","gender":"Male"},
{"id":80,"first_name":"La verne","last_name":"Manlow","email":"lmanlow27@cnn.com","gender":"Female"},
{"id":81,"first_name":"Steffie","last_name":"Boxill","email":"sboxill28@live.com","gender":"Female"},
{"id":82,"first_name":"Engracia","last_name":"Kwietek","email":"ekwietek29@netscape.com","gender":"Female"},
{"id":83,"first_name":"Drusilla","last_name":"Chiese","email":"dchiese2a@google.co.uk","gender":"Female"},
{"id":84,"first_name":"Marlene","last_name":"Horrell","email":"mhorrell2b@jalbum.net","gender":"Female"},
{"id":85,"first_name":"Rodolph","last_name":"Sidwell","email":"rsidwell2c@earthlink.net","gender":"Male"},
{"id":86,"first_name":"Schuyler","last_name":"Bonhill","email":"sbonhill2d@toplist.cz","gender":"Male"},
{"id":87,"first_name":"Noach","last_name":"Sturdey","email":"nsturdey2e@dailymail.co.uk","gender":"Male"},
{"id":88,"first_name":"Ester","last_name":"Daft","email":"edaft2f@clickbank.net","gender":"Female"},
{"id":89,"first_name":"Alec","last_name":"Dod","email":"adod2g@example.com","gender":"Male"},
{"id":90,"first_name":"Tove","last_name":"Rockhall","email":"trockhall2h@surveymonkey.com","gender":"Female"},
{"id":91,"first_name":"Germaine","last_name":"Silversmidt","email":"gsilversmidt2i@constantcontact.com","gender":"Male"},
{"id":92,"first_name":"Idaline","last_name":"Fernehough","email":"ifernehough2j@elpais.com","gender":"Female"},
{"id":93,"first_name":"Teressa","last_name":"Burnett","email":"tburnett2k@nasa.gov","gender":"Female"},
{"id":94,"first_name":"Herbert","last_name":"Exeter","email":"hexeter2l@google.ru","gender":"Male"},
{"id":95,"first_name":"Davina","last_name":"Ladson","email":"dladson2m@npr.org","gender":"Female"},
{"id":96,"first_name":"Dallis","last_name":"Blythe","email":"dblythe2n@tiny.cc","gender":"Male"},
{"id":97,"first_name":"Roxanna","last_name":"Oxton","email":"roxton2o@odnoklassniki.ru","gender":"Female"},
{"id":98,"first_name":"Chris","last_name":"Drain","email":"cdrain2p@theglobeandmail.com","gender":"Female"},
{"id":99,"first_name":"Angelita","last_name":"Gresswell","email":"agresswell2q@cdc.gov","gender":"Female"},
{"id":100,"first_name":"Theresina","last_name":"Moloney","email":"tmoloney2r@g.co","gender":"Female"}]