[
  {
    "id": 1,
    "year": "1",
    "start": 2018,
    "end": 2019
  },
  {
    "id": 2,
    "year": "1",
    "start": 2018,
    "end": 2019
  },
  {
    "id": 3,
    "year": "2",
    "start": 2018,
    "end": 2019
  },
  {
    "id": 4,
    "year": "5",
    "start": 2018,
    "end": 2019
  },
  {
    "id": 5,
    "year": "3",
    "start": 2018,
    "end": 2019
  },
  {
    "id": 6,
    "year": "4",
    "start": 2018,
    "end": 2019
  },
  {
    "id": 7,
    "year": "2",
    "start": 2018,
    "end": 2019
  },
  {
    "id": 8,
    "year": "3",
    "start": 2018,
    "end": 2019
  },
  {
    "id": 9,
    "year": "4",
    "start": 2018,
    "end": 2019
  }
]
